{"loss": 0.7214295268058777, "_timestamp": 1669150340.5947077, "_runtime": 16.125340700149536, "_step": 4, "training_acc": 358920.0, "_wandb": {"runtime": 15}}