{"loss": 0.6233232021331787, "_timestamp": 1669150210.799729, "_runtime": 15.563961029052734, "_step": 0, "_wandb": {"runtime": 15}}