{"loss": 0.6527045965194702, "_timestamp": 1669150784.7388582, "_runtime": 15.842361211776733, "_step": 3, "training_acc": 310.42650475976313, "_wandb": {"runtime": 19}}