{"loss": 0.40221601724624634, "_timestamp": 1669151463.1747627, "_runtime": 78.56521463394165, "_step": 31, "training_acc": 87.2528296229668, "_wandb": {"runtime": 84}}