{"loss": 0.33852797746658325, "_timestamp": 1669151592.173448, "_runtime": 95.60101103782654, "_step": 39, "training_acc": 88.34869949778877}