{"loss": 0.34379976987838745, "_timestamp": 1669151654.6317656, "_runtime": 158.0593285560608, "_step": 67, "training_acc": 88.4348999325388, "_wandb": {"runtime": 159}}