{"loss": 0.3745606243610382, "_timestamp": 1669149607.208152, "_runtime": 61.49834108352661, "_step": 17, "_wandb": {"runtime": 65}}