{"loss": 0.8325974345207214, "_timestamp": 1669150390.121789, "_runtime": 15.976562023162842, "_step": 5, "training_acc": 212660.0, "_wandb": {"runtime": 16}}