{"loss": 0.361336350440979, "_timestamp": 1669150963.7487276, "_runtime": 146.11178755760193, "_step": 63, "training_acc": 88.47912450341055, "_wandb": {"runtime": 149}}