{"loss": 0.5927854180335999, "_timestamp": 1669150533.9209752, "_runtime": 16.003648281097412, "_step": 5, "training_acc": 213.7755790420508, "_wandb": {"runtime": 23}}