{"loss": 0.8849756121635437, "_timestamp": 1669149937.9431794, "_runtime": 15.58796238899231, "_step": 0, "_wandb": {"runtime": 14}}