{"loss": 0.3947092890739441, "_timestamp": 1669151088.853876, "_runtime": 113.02035903930664, "_step": 47, "training_acc": 88.18529345626264, "_wandb": {"runtime": 113}}