{"loss": 0.5556332468986511, "_timestamp": 1669150249.746641, "_runtime": 24.61079502105713, "_step": 11, "training_acc": 749993.3333333334, "_wandb": {"runtime": 25}}