{"loss": 0.8641386032104492, "_timestamp": 1669150006.4864182, "_runtime": 15.42690634727478, "_step": 0, "_wandb": {"runtime": 14}}